Business Name,Website,Phone Number,Address,Rating,Category,Emails,Social Links
D.A Carpentry and Joinery,https://dacarpentryandjoinery.co.uk/,07747 441886 ,N/A,N/A,N/A,"D.A.CarpentryandJoinery@outlook.com, team@latofonts.com, anapbm@gmail.com",N/A
Brightbuild Solutions Ltd,https://www.brightbuildsolutions.co.uk/,07860 619174 ," Brighton Rd, Crawley RH11 9AB",N/A,N/A,N/A,N/A
JSG Carpentry & Construction,https://www.jsg-carpentry.co.uk/,07533 708156 ,N/A,N/A,N/A,info@jsg-carpentry.co.uk,Facebook: https://facebook.com/profile.php | Instagram: https://instagram.com/jsg_kitchensandjoinery | TikTok: https://tiktok.com/@jsgkitchensandjoinery
JN CARPENTRY & CONSTRUCTION LTD,N/A,07943 429783 ," 57 Whittington Rd, Crawley RH10 5AW",N/A,N/A,N/A,N/A
All Square Carpentry,N/A,07951 955388 ," 15 Warnham Rd, Crawley RH10 6QJ",N/A,N/A,N/A,N/A
DF Carpentry & Joinery Ltd,https://dfcarpentry.uk.com/,01293 429569 ," 10 Gainsborough Rd, Crawley RH10 5LD",N/A,N/A,info@dfcarpentry.uk.com,Facebook: https://facebook.com/PF-Carpentry-Joinery-Ltd-129354547255901 | Instagram: https://instagram.com/dfcarpentryandjoineryltd | LinkedIn: https://linkedin.com/in/danny-fuller-80520715a | Twitter/X: https://x.com/df_carpentry | TikTok: https://tiktok.com/@dfcarpentryandjoineryltd
FT Carpentry Limited,http://ftcarpentry.co.uk/,07826 879759 ," Meadow View, Blackhouse Rd, Colgate, Horsham RH13 6HS",N/A,N/A,"2062d0a4929b45348643784b5cb39c36@sentry.wixpress.com, info@ftcarpentry.co.uk, 8eb368c655b84e029ed79ad7a5c1718e@sentry.wixpress.com, INFO@FTCARPENTRY.co.uk, 605a7baede844d278b89dc95ae0a9123@sentry-next.wixpress.com, INFO@ftcarpentry.co.uk",Facebook: https://facebook.com/profile.php | Instagram: https://instagram.com/ftcarpentrylimited | Twitter/X: https://x.com/bolt-performance
Complete Carpentry Horsham,https://ccmps.co.uk/carpenter-horsham/,01293 223001 ,N/A,N/A,N/A,N/A,N/A
Dean House Carpentry & Joinery,https://www.deanhousejoinery.co.uk/,01306 631714 ," Dean House Farm, Church Rd, Newdigate, Dorking RH5 5DW",N/A,N/A,info@deanhousejoinery.co.uk,Facebook: https://facebook.com/deanhousecarpentryandjoinery | Instagram: https://instagram.com/deanhousecarpentryandjoinery
Complete Carpentry & Maintenance Ltd,https://www.ccmps.co.uk/,07801 980557 ," Caldyne Park, Wallage Ln, Rowfant, Crawley Down, Crawley RH10 4NQ",N/A,N/A,N/A,N/A
